{
  "features": [
    "speed",
    "accel",
    "yaw_rate",
    "num_targets",
    "cri_left",
    "cri_right",
    "signals",
    "max_cri",
    "speed_kmh",
    "abs_accel",
    "abs_yaw_rate",
    "is_braking",
    "is_signaling",
    "cri_diff",
    "has_targets",
    "speed_category"
  ],
  "label_map": {
    "0": "SAFE",
    "1": "CAUTION",
    "2": "WARNING",
    "3": "CRITICAL"
  },
  "accuracy": 0.990759620135381,
  "cv_std": 0.006395322657117131,
  "n_training_samples": 18613,
  "n_classes": 3,
  "feature_importance": {
    "speed": 0.04359566792845726,
    "accel": 0.011488680727779865,
    "yaw_rate": 0.011255087330937386,
    "num_targets": 0.03771955519914627,
    "cri_left": 0.036172039806842804,
    "cri_right": 0.022339534014463425,
    "signals": 0.0024043573066592216,
    "max_cri": 0.5226073265075684,
    "speed_kmh": 0.074072927236557,
    "abs_accel": 0.03870072960853577,
    "abs_yaw_rate": 0.011768124997615814,
    "is_braking": 0.0,
    "is_signaling": 0.0019349621143192053,
    "cri_diff": 0.18594105541706085,
    "has_targets": 0.0,
    "speed_category": 0.0
  },
  "classification_report": {
    "SAFE": {
      "precision": 0.9982537834691502,
      "recall": 0.9953569355774812,
      "f1-score": 0.996803254867771,
      "support": 1723.0
    },
    "CAUTION": {
      "precision": 0.9930278884462151,
      "recall": 0.997,
      "f1-score": 0.9950099800399201,
      "support": 1000.0
    },
    "WARNING": {
      "precision": 0.999000999000999,
      "recall": 1.0,
      "f1-score": 0.9995002498750625,
      "support": 1000.0
    },
    "accuracy": 0.9970453934998657,
    "macro avg": {
      "precision": 0.9967608903054548,
      "recall": 0.9974523118591604,
      "f1-score": 0.9971044949275845,
      "support": 3723.0
    },
    "weighted avg": {
      "precision": 0.9970508075112973,
      "recall": 0.9970453934998657,
      "f1-score": 0.9970459946419962,
      "support": 3723.0
    }
  }
}