{
  "features": [
    "speed",
    "accel",
    "decel",
    "num_targets",
    "max_gap",
    "rel_speed",
    "max_plr",
    "k_lost_max",
    "speed_kmh",
    "abs_accel",
    "is_braking",
    "brake_ratio",
    "has_targets",
    "speed_category",
    "closing_speed",
    "scenario_tsv",
    "scenario_hnr"
  ],
  "label_map": {
    "0": "SAFE",
    "1": "CAUTION",
    "2": "WARNING",
    "3": "CRITICAL"
  },
  "accuracy": 0.8082874592610851,
  "cv_folds": 5,
  "cv_type": "TimeSeriesSplit",
  "cv_accuracy_mean": 0.9568338249754179,
  "cv_accuracy_std": 0.005844353116402765,
  "cv_critical_recall_mean": 0.0,
  "cv_critical_recall_std": 0.0,
  "cv_f1_weighted_mean": 0.9393912449912373,
  "cv_f1_weighted_std": 0.00869985664370504,
  "n_training_samples": 110641,
  "n_classes": 4,
  "feature_importance": {
    "speed": 0.034417276147742114,
    "accel": 0.050715976331101746,
    "decel": 0.33148926606869167,
    "num_targets": 0.03622766418171896,
    "max_gap": 0.1348246105350817,
    "rel_speed": 0.02486482974052162,
    "max_plr": 0.053402267721128514,
    "k_lost_max": 0.020577628674133895,
    "speed_kmh": 0.03266573226310833,
    "abs_accel": 0.036905729841072106,
    "is_braking": 0.033857852753433344,
    "brake_ratio": 0.026807351849466667,
    "has_targets": 0.0,
    "speed_category": 0.11155718934949062,
    "closing_speed": 0.028506578466830922,
    "scenario_tsv": 0.02452972958848518,
    "scenario_hnr": 0.01865031648799258
  },
  "classification_report": {
    "SAFE": {
      "precision": 0.9960318841588639,
      "recall": 0.8164750192598511,
      "f1-score": 0.8973595082789764,
      "support": 35047.0
    },
    "CAUTION": {
      "precision": 0.11873990306946688,
      "recall": 0.6482910694597575,
      "f1-score": 0.2007168458781362,
      "support": 907.0
    },
    "WARNING": {
      "precision": 0.11008522727272728,
      "recall": 0.5677655677655677,
      "f1-score": 0.18441403926234384,
      "support": 546.0
    },
    "CRITICAL": {
      "precision": 0.0,
      "recall": 0.0,
      "f1-score": 0.0,
      "support": 13.0
    },
    "accuracy": 0.8082874592610851,
    "macro avg": {
      "precision": 0.3062142536252645,
      "recall": 0.508132914121294,
      "f1-score": 0.3206225983548641,
      "support": 36513.0
    },
    "weighted avg": {
      "precision": 0.9606368435979136,
      "recall": 0.8082874592610851,
      "f1-score": 0.8690739991592582,
      "support": 36513.0
    }
  }
}