{
  "features": [
    "speed",
    "accel",
    "decel",
    "num_targets",
    "max_gap",
    "rel_speed",
    "max_plr",
    "k_lost_max",
    "speed_kmh",
    "abs_accel",
    "is_braking",
    "brake_ratio",
    "abs_net_accel",
    "has_targets",
    "speed_category",
    "closing_speed",
    "scenario_tsv",
    "scenario_hnr"
  ],
  "label_map": {
    "0": "SAFE",
    "1": "CAUTION",
    "2": "WARNING",
    "3": "CRITICAL"
  },
  "accuracy": 0.8648463977260304,
  "cv_folds": 5,
  "cv_type": "TimeSeriesSplit",
  "cv_accuracy_mean": 0.9608812113923358,
  "cv_accuracy_std": 0.0011589132455037243,
  "cv_critical_recall_mean": 0.8810483870967742,
  "cv_critical_recall_std": 0.06346164458148303,
  "cv_f1_weighted_mean": 0.9480539040188205,
  "cv_f1_weighted_std": 0.0015405916029678438,
  "n_training_samples": 110676,
  "n_classes": 4,
  "feature_importance": {
    "speed": 0.017441914371787968,
    "accel": 0.029286160409612686,
    "decel": 0.17142692112398833,
    "num_targets": 0.028884539324865774,
    "max_gap": 0.06025282448339478,
    "rel_speed": 0.012494901883576569,
    "max_plr": 0.02742215145123,
    "k_lost_max": 0.013994294536832524,
    "speed_kmh": 0.01497565933917151,
    "abs_accel": 0.01973273403310107,
    "is_braking": 0.08254702333947442,
    "brake_ratio": 0.011969394135375915,
    "abs_net_accel": 0.06685294717014957,
    "has_targets": 0.3416549231967345,
    "speed_category": 0.06404613097373063,
    "closing_speed": 0.01271859565430631,
    "scenario_tsv": 0.013100212021924483,
    "scenario_hnr": 0.011198672550742934
  },
  "classification_report": {
    "SAFE": {
      "precision": 0.9982431025507548,
      "recall": 0.8751533129866796,
      "f1-score": 0.9326544570256099,
      "support": 35059.0
    },
    "CAUTION": {
      "precision": 0.1511744127936032,
      "recall": 0.6655665566556656,
      "f1-score": 0.24638566483404603,
      "support": 909.0
    },
    "WARNING": {
      "precision": 0.16247139588100687,
      "recall": 0.5338345864661654,
      "f1-score": 0.24912280701754386,
      "support": 532.0
    },
    "CRITICAL": {
      "precision": 0.7058823529411765,
      "recall": 0.8181818181818182,
      "f1-score": 0.7578947368421053,
      "support": 88.0
    },
    "accuracy": 0.8648463977260304,
    "macro avg": {
      "precision": 0.5044428160416353,
      "recall": 0.7231840685725822,
      "f1-score": 0.5465144164298263,
      "support": 36588.0
    },
    "weighted avg": {
      "precision": 0.964342814672128,
      "recall": 0.8648463977260304,
      "f1-score": 0.9052455791070962,
      "support": 36588.0
    }
  }
}