{
  "features": [
    "speed",
    "accel",
    "decel",
    "num_targets",
    "max_gap",
    "rel_speed",
    "max_plr",
    "k_lost_max",
    "speed_kmh",
    "abs_accel",
    "is_braking",
    "brake_ratio",
    "abs_net_accel",
    "has_targets",
    "speed_category",
    "closing_speed",
    "scenario_tsv",
    "scenario_hnr"
  ],
  "label_map": {
    "0": "SAFE",
    "1": "CAUTION",
    "2": "WARNING",
    "3": "CRITICAL"
  },
  "accuracy": 0.8097937720811765,
  "cv_folds": 5,
  "cv_type": "TimeSeriesSplit",
  "cv_accuracy_mean": 0.9568338249754179,
  "cv_accuracy_std": 0.005844353116402765,
  "cv_critical_recall_mean": 0.0,
  "cv_critical_recall_std": 0.0,
  "cv_f1_weighted_mean": 0.9393912449912373,
  "cv_f1_weighted_std": 0.00869985664370504,
  "n_training_samples": 110641,
  "n_classes": 4,
  "feature_importance": {
    "speed": 0.03388169622359011,
    "accel": 0.05721659779359358,
    "decel": 0.27917781845939765,
    "num_targets": 0.04318149849375147,
    "max_gap": 0.10214185670021113,
    "rel_speed": 0.023314896127796428,
    "max_plr": 0.04243989015923589,
    "k_lost_max": 0.01913769282486023,
    "speed_kmh": 0.028387210455778977,
    "abs_accel": 0.05746683174487474,
    "is_braking": 0.026373914886638164,
    "brake_ratio": 0.024655660173789257,
    "abs_net_accel": 0.11198593373107099,
    "has_targets": 0.0,
    "speed_category": 0.08504280297474544,
    "closing_speed": 0.026742133347112156,
    "scenario_tsv": 0.02062395167852785,
    "scenario_hnr": 0.01822961422502592
  },
  "classification_report": {
    "SAFE": {
      "precision": 0.9959706832470735,
      "recall": 0.8181299397951323,
      "f1-score": 0.8983332288990539,
      "support": 35047.0
    },
    "CAUTION": {
      "precision": 0.1190380761523046,
      "recall": 0.6549062844542448,
      "f1-score": 0.20145836866203154,
      "support": 907.0
    },
    "WARNING": {
      "precision": 0.11070246414122839,
      "recall": 0.5512820512820513,
      "f1-score": 0.18437978560490045,
      "support": 546.0
    },
    "CRITICAL": {
      "precision": 0.0,
      "recall": 0.0,
      "f1-score": 0.0,
      "support": 13.0
    },
    "accuracy": 0.8097937720811765,
    "macro avg": {
      "precision": 0.3064278058851516,
      "recall": 0.5060795688828571,
      "f1-score": 0.3210428457914965,
      "support": 36513.0
    },
    "weighted avg": {
      "precision": 0.9605947365664679,
      "recall": 0.8097937720811765,
      "f1-score": 0.8700265323731788,
      "support": 36513.0
    }
  }
}