{
  "features": [
    "speed",
    "accel",
    "decel",
    "num_targets",
    "max_gap",
    "rel_speed",
    "max_plr",
    "k_lost_max",
    "speed_kmh",
    "abs_accel",
    "is_braking",
    "brake_ratio",
    "has_targets",
    "speed_category",
    "closing_speed"
  ],
  "label_map": {
    "0": "SAFE",
    "1": "CAUTION",
    "2": "WARNING",
    "3": "CRITICAL"
  },
  "accuracy": 0.8065894339002547,
  "cv_folds": 5,
  "cv_type": "TimeSeriesSplit",
  "cv_accuracy_mean": 0.9567464219381623,
  "cv_accuracy_std": 0.005678507460559242,
  "cv_critical_recall_mean": 0.0,
  "cv_critical_recall_std": 0.0,
  "cv_f1_weighted_mean": 0.939173579506663,
  "cv_f1_weighted_std": 0.00847592781825449,
  "n_training_samples": 110641,
  "n_classes": 4,
  "feature_importance": {
    "speed": 0.03697386326027079,
    "accel": 0.05819703133183114,
    "decel": 0.3406492617251611,
    "num_targets": 0.05413366692548022,
    "max_gap": 0.13794760441798531,
    "rel_speed": 0.027999701416484585,
    "max_plr": 0.050989212735012744,
    "k_lost_max": 0.02371628696854662,
    "speed_kmh": 0.03928447717704789,
    "abs_accel": 0.059016637367306675,
    "is_braking": 0.02871822260927356,
    "brake_ratio": 0.028309649096442468,
    "has_targets": 0.0,
    "speed_category": 0.08191735151887221,
    "closing_speed": 0.03214703345028469
  },
  "classification_report": {
    "SAFE": {
      "precision": 0.9959877189309888,
      "recall": 0.8145347675977972,
      "f1-score": 0.8961685162221978,
      "support": 35047.0
    },
    "CAUTION": {
      "precision": 0.11896655317444423,
      "recall": 0.6549062844542448,
      "f1-score": 0.20135593220338982,
      "support": 907.0
    },
    "WARNING": {
      "precision": 0.10907811400422238,
      "recall": 0.5677655677655677,
      "f1-score": 0.18299881936245574,
      "support": 546.0
    },
    "CRITICAL": {
      "precision": 0.0,
      "recall": 0.0,
      "f1-score": 0.0,
      "support": 13.0
    },
    "accuracy": 0.8065894339002547,
    "macro avg": {
      "precision": 0.30600809652741384,
      "recall": 0.5093016549544025,
      "f1-score": 0.32013081694701084,
      "support": 36513.0
    },
    "weighted avg": {
      "precision": 0.9605850217552622,
      "recall": 0.8065894339002547,
      "f1-score": 0.8679255381349038,
      "support": 36513.0
    }
  }
}