{
  "features": [
    "speed",
    "accel",
    "yaw_rate",
    "num_targets",
    "signals",
    "max_gap",
    "rel_speed",
    "max_plr",
    "k_lost_max",
    "speed_kmh",
    "abs_accel",
    "abs_yaw_rate",
    "is_braking",
    "is_signaling",
    "has_targets",
    "speed_category",
    "closing_speed"
  ],
  "label_map": {
    "0": "SAFE",
    "1": "CAUTION",
    "2": "WARNING",
    "3": "CRITICAL"
  },
  "accuracy": 0.9110503861918969,
  "cv_std": 0.0,
  "n_training_samples": 107588,
  "n_classes": 4,
  "feature_importance": {
    "speed": 0.040853068232536316,
    "accel": 0.030359024181962013,
    "yaw_rate": 0.03279077261686325,
    "num_targets": 0.04280669987201691,
    "signals": 0.031443219631910324,
    "max_gap": 0.08977425843477249,
    "rel_speed": 0.03165983781218529,
    "max_plr": 0.09562668949365616,
    "k_lost_max": 0.026214538142085075,
    "speed_kmh": 0.04451129212975502,
    "abs_accel": 0.023658866062760353,
    "abs_yaw_rate": 0.024569576606154442,
    "is_braking": 0.01838506944477558,
    "is_signaling": 0.043639808893203735,
    "has_targets": 0.3844563066959381,
    "speed_category": 0.021793412044644356,
    "closing_speed": 0.017457542940974236
  },
  "classification_report": {
    "SAFE": {
      "precision": 0.9987451374074539,
      "recall": 0.9206743977558633,
      "f1-score": 0.958122037468964,
      "support": 34579.0
    },
    "CAUTION": {
      "precision": 0.20898716119828817,
      "recall": 0.7085852478839177,
      "f1-score": 0.3227760947397411,
      "support": 827.0
    },
    "WARNING": {
      "precision": 0.211864406779661,
      "recall": 0.5543237250554324,
      "f1-score": 0.30656039239730226,
      "support": 451.0
    },
    "CRITICAL": {
      "precision": 0.3333333333333333,
      "recall": 0.16666666666666666,
      "f1-score": 0.2222222222222222,
      "support": 6.0
    },
    "accuracy": 0.9110503861918969,
    "macro avg": {
      "precision": 0.438232509679684,
      "recall": 0.5875625093404699,
      "f1-score": 0.4524201867070574,
      "support": 35863.0
    },
    "weighted avg": {
      "precision": 0.9705264851289898,
      "recall": 0.9110503861918969,
      "f1-score": 0.9351540538798647,
      "support": 35863.0
    }
  }
}