feature,importance
has_targets,0.3844563
max_plr,0.09562669
max_gap,0.08977426
speed_kmh,0.044511292
is_signaling,0.04363981
num_targets,0.0428067
speed,0.04085307
yaw_rate,0.032790773
rel_speed,0.031659838
signals,0.03144322
accel,0.030359024
k_lost_max,0.026214538
abs_yaw_rate,0.024569577
abs_accel,0.023658866
speed_category,0.021793412
is_braking,0.01838507
closing_speed,0.017457543
