feature,importance
decel,0.3406492617251611
max_gap,0.13794760441798531
speed_category,0.08191735151887221
abs_accel,0.059016637367306675
accel,0.05819703133183114
num_targets,0.05413366692548022
max_plr,0.050989212735012744
speed_kmh,0.03928447717704789
speed,0.03697386326027079
closing_speed,0.03214703345028469
is_braking,0.02871822260927356
brake_ratio,0.028309649096442468
rel_speed,0.027999701416484585
k_lost_max,0.02371628696854662
has_targets,0.0
